[
   {
        "imageurl" : "https:\/\/edgecdn.matrp.ru\/matrp_mobile\/images\/mini_38.jpg",
        "title" : "BATTLE PASS",
        "titleBig" : "Криминал",
        "url" : "https://t.me/edgar_sliv",
        "imageFullUrl":"https:\/\/edgecdn.matrp.ru\/matrp_mobile\/images\/stories_38.jpg"
   },
   {
        "imageurl" : "https:\/\/edgecdn.matrp.ru\/matrp_mobile\/images\/mini_37.jpg",
        "title" : "Добро пожаловать,",
        "titleBig" : "Матрешка #19",
        "url" : "https://t.me/dev_edgar",
        "imageFullUrl":"https://edgecdn.matrp.ru//matrp_mobile//images//stories_37.jpg"
   },
   {
        "imageurl" : "https:\/\/edgecdn.matrp.ru\/matrp_mobile\/images\/mini_34.jpg",
        "title" : "ЛЕТНИЙ КЕЙС",
        "titleBig" : "уже в игре",
        "url" : "https://t.me/edgar_sliv",
        "imageFullUrl":"https://edgecdn.matrp.ru//matrp_mobile//images//stories_34.jpg"
   },
   {
        "imageurl" : "https:\/\/edgecdn.matrp.ru\/matrp_mobile\/images\/mini_31.jpg",
        "title" : "Летнее обновление",
        "titleBig" : "уже в игре",
        "url" : "https:\/\/vk.com\/russian_mobile?w=wall-162380118_785226",
        "imageFullUrl":"https:\/\/edgecdn.matrp.ru\/matrp_mobile\/images\/stories_31.jpg"
   },
   {
        "imageurl" : "https:\/\/edgecdn.matrp.ru\/matrp_mobile\/images\/mini_27.jpg",
        "title" : "День рождение",
        "titleBig" : "МАТРЕШКИ!",
        "url" : "https:\/\/vk.com\/russian_mobile?w=wall-162380118_762463",
        "imageFullUrl":"https://edgecdn.matrp.ru//matrp_mobile//images//stories_27.jpg"
   },
   {
        "imageurl" : "https:\/\/edgecdn.matrp.ru\/matrp_mobile\/images\/mini_25.jpg",
        "title" : "Встречайте",
        "titleBig" : "АПРЕЛЬСКОЕ ОБНОВЛЕНИЕ",
        "url" : "https://youtu.be/rBuaR8Lyy9Q",
        "imageFullUrl":"https://edgecdn.matrp.ru//matrp_mobile//images//stories_25.jpg"
   },
   {
        "imageurl" : "https:\/\/edgecdn.matrp.ru\/matrp_mobile\/images\/mini_24.png",
        "title" : "Добро пожаловать,",
        "titleBig" : "Матрешка #17",
        "url" : "https://youtu.be/rBuaR8Lyy9Q",
        "imageFullUrl":"https://edgecdn.matrp.ru//matrp_mobile//images//stories_24.png"
   },
   {
        "imageurl" : "https:\/\/edgecdn.matrp.ru\/matrp_mobile\/images\/mini_20.png",
        "title" : "Добро пожаловать,",
        "titleBig" : "Матрешка #16",
        "url" : "https://youtu.be/rBuaR8Lyy9Q",
        "imageFullUrl":"https://edgecdn.matrp.ru//matrp_mobile//images//stories_20.png"
   },
   {
        "imageurl" : "https:\/\/edgecdn.matrp.ru\/matrp_mobile\/images\/mini_21.png",
        "title" : "",
        "titleBig" : "Весеннее обновление",
        "url" : "https://youtu.be/rBuaR8Lyy9Q",
        "imageFullUrl":"https:\/\/edgecdn.matrp.ru\/matrp_mobile\/images\/stories_21.png"
   },
   {
        "imageurl" : "https://edgecdn.matrp.ru//matrp_mobile//images//mini_18.png",
        "title" : "Добро пожаловать,",
        "titleBig" : "Матрешка #15",
        "url" : "https://youtu.be/rBuaR8Lyy9Q",
        "imageFullUrl":"https://edgecdn.matrp.ru//matrp_mobile//images//stories_18.png"
   },
   {
        "imageurl" : "https://edgecdn.matrp.ru//matrp_mobile//images//mini_12.png",
        "title" : "ЗИМА 2022",
        "titleBig" : "уже доступно",
        "url" : "https://vk.com/edgarr4ik",
        "imageFullUrl":"https://edgecdn.matrp.ru//matrp_mobile//images//stories_12.png"
   },
   {
        "imageurl" : "https://edgecdn.matrp.ru//matrp_mobile//images//mini_8.png",
        "title" : "Как начать",
        "titleBig" : "играть?",
        "url" : "https://t.me/edgar_sliv",
        "imageFullUrl":"https://edgecdn.matrp.ru//matrp_mobile//images//stories_8.png"
   }
]